{
  "train_loss": [
    0.08819460039535308,
    0.011374843247367252,
    0.003863671911025691,
    2.310379979110533e-05,
    0.0002987081279403054
  ],
  "val_loss": [
    0.02529258323238068,
    0.025516520455940484,
    5.91437841199108e-09,
    3.072404369865496e-10,
    0.0
  ],
  "val_accuracy": [
    0.9983797796500324,
    0.9980557355800389,
    1.0,
    1.0,
    1.0
  ],
  "val_f1": [
    0.9985237673457337,
    0.9982311320754716,
    1.0,
    1.0,
    1.0
  ]
}