{
  "train_loss": [
    0.10048983643632173,
    0.010582440215150058,
    0.003002081613269114,
    0.0013692609284016713
  ],
  "val_loss": [
    0.021000923158186732,
    0.008952835259276,
    0.009141494093438115,
    0.017477455108655574
  ],
  "val_accuracy": [
    0.9977316915100454,
    0.9993519118600129,
    0.9993519118600129,
    0.998703823720026
  ],
  "val_f1": [
    0.9979369289714117,
    0.999409681227863,
    0.999409681227863,
    0.9988214496169712
  ]
}