{
  "train_loss": [
    0.07909416418233066,
    0.004992096104461294,
    0.0025990763669495754,
    0.000773884576064935,
    8.878930245038759e-11
  ],
  "test_loss": [
    0.014701178913150937,
    0.010087461880415925,
    0.0,
    1.5393761563892207e-11,
    0.0
  ],
  "test_accuracy": [
    0.9989630589760208,
    0.9993519118600129,
    1.0,
    1.0,
    1.0
  ],
  "test_f1": [
    0.999056158565361,
    0.999409750914886,
    1.0,
    1.0,
    1.0
  ]
}